timestamp_sec,timestamp_nanosec,position_x,position_y,position_z,orientation_x,orientation_y,orientation_z,orientation_w,deviation
1651236801,9013504,-112.57005310058594,-23.360713958740234,-19.454720973968502,-0.0139170177280902,-0.0092646097764372,-0.9134058356285096,-0.4067067503929138,73.44294283358818
1651236801,9013504,-112.57005310058594,-23.360713958740234,-19.454720973968502,-0.0139170177280902,-0.0092646097764372,-0.9134058356285096,-0.4067067503929138,74.139531865849
1651236801,9013504,-112.57005310058594,-23.360713958740234,-19.454720973968502,-0.0139170177280902,-0.0092646097764372,-0.9134058356285096,-0.4067067503929138,74.139531865849
1651236801,9013504,-112.57005310058594,-23.360713958740234,-19.454720973968502,-0.0139170177280902,-0.0092646097764372,-0.9134058356285096,-0.4067067503929138,74.139531865849
1651236801,9013504,-112.57005310058594,-23.360713958740234,-19.454720973968502,-0.0139170177280902,-0.0092646097764372,-0.9134058356285096,-0.4067067503929138,74.139531865849
1651236801,19013376,-112.57007598876952,-23.360740661621094,-19.45499587059021,-0.0139189418405294,-0.00927977822721,-0.9134055972099304,-0.406706690788269,73.69522474513646
1651236801,19013376,-112.57007598876952,-23.360740661621094,-19.45499587059021,-0.0139189418405294,-0.00927977822721,-0.9134055972099304,-0.406706690788269,73.69522474513646
1651236801,69013248,-112.57014465332033,-23.360828399658203,-19.45469570159912,-0.0138019248843193,-0.0092212269082665,-0.9134076237678528,-0.4067075848579407,73.6026641862192
1651236801,69013248,-112.57014465332033,-23.360828399658203,-19.45469570159912,-0.0138019248843193,-0.0092212269082665,-0.9134076237678528,-0.4067075848579407,73.51382390599478
1651236801,69013248,-112.57014465332033,-23.360828399658203,-19.45469570159912,-0.0138019248843193,-0.0092212269082665,-0.9134076237678528,-0.4067075848579407,73.51382390599478
1651236801,99013376,-112.57015228271484,-23.3608455657959,-19.45365524291992,-0.0136670414358377,-0.0091099794954061,-0.9134102463722228,-0.406708687543869,73.49168384956073
1651236801,99013376,-112.57015228271484,-23.3608455657959,-19.45365524291992,-0.0136670414358377,-0.0091099794954061,-0.9134102463722228,-0.406708687543869,73.49158003853151
1651236801,139013376,-112.5701141357422,-23.360843658447266,-19.451794624328613,-0.0134530439972877,-0.0089122503995895,-0.9134145379066468,-0.4067105948925018,73.36225141834785
1651236801,209013248,-112.57006072998048,-23.36080741882324,-19.448220252990723,-0.0130636934190988,-0.0085172234103083,-0.9134222269058228,-0.4067144393920898,73.36135336112156
1651236801,209013248,-112.57006072998048,-23.36080741882324,-19.448220252990723,-0.0130636934190988,-0.0085172234103083,-0.9134222269058228,-0.4067144393920898,73.25280627248048
1651236801,579012864,-112.5701904296875,-23.36096954345703,-19.43888258934021,-0.0120442826300859,-0.0073627936653792,-0.913440465927124,-0.4067273736000061,73.2239509561368
1651236801,579012864,-112.5701904296875,-23.36096954345703,-19.43888258934021,-0.0120442826300859,-0.0073627936653792,-0.913440465927124,-0.4067273736000061,73.22234436844397
1651236801,649012736,-112.5702896118164,-23.361082077026367,-19.43850874900818,-0.0120025873184204,-0.00731708901003,-0.913441002368927,-0.406728446483612,73.21767798731668
1651236801,649012736,-112.5702896118164,-23.361082077026367,-19.43850874900818,-0.0120025873184204,-0.00731708901003,-0.913441002368927,-0.406728446483612,73.21747100093816
1651236801,739012608,-112.57047271728516,-23.361230850219727,-19.43825745582581,-0.0119756367057561,-0.0072915754280984,-0.913441240787506,-0.406728982925415,73.09776401034766
1651236801,739012608,-112.57047271728516,-23.361230850219727,-19.43825745582581,-0.0119756367057561,-0.0072915754280984,-0.913441240787506,-0.406728982925415,73.09781397408078
1651236801,739012608,-112.57047271728516,-23.361230850219727,-19.43825745582581,-0.0119756367057561,-0.0072915754280984,-0.913441240787506,-0.406728982925415,73.09781397408078
1651236801,779012608,-112.57048797607422,-23.36124038696289,-19.438194513320923,-0.0119712110608816,-0.0072912997566163,-0.9134416580200196,-0.406728446483612,73.09783922987062
1651236801,799012608,-112.57048797607422,-23.361238479614254,-19.438170909881592,-0.0119695421308279,-0.0072913817130029,-0.91344153881073,-0.406728446483612,73.09788709456521
1651236801,799012608,-112.57048797607422,-23.361238479614254,-19.438170909881592,-0.0119695421308279,-0.0072913817130029,-0.91344153881073,-0.406728446483612,73.09790231603952
1651236801,799012608,-112.57048797607422,-23.361238479614254,-19.438170909881592,-0.0119695421308279,-0.0072913817130029,-0.91344153881073,-0.406728446483612,73.09790231603952
1651236802,69012480,-112.57048034667967,-23.361236572265625,-19.438080549240112,-0.0119611956179142,-0.0072915111668407,-0.9134413599967957,-0.4067291915416717,73.09825862694277
1651236802,69012480,-112.57048034667967,-23.361236572265625,-19.438080549240112,-0.0119611956179142,-0.0072915111668407,-0.9134413599967957,-0.4067291915416717,73.09826349905438
1651236802,99012352,-112.57048034667967,-23.361236572265625,-19.43808078765869,-0.0119610279798507,-0.0072915502823889,-0.9134414196014404,-0.4067292809486389,73.09826854669912
1651236802,99012352,-112.57048034667967,-23.361236572265625,-19.43808078765869,-0.0119610279798507,-0.0072915502823889,-0.9134414196014404,-0.4067292809486389,73.09854127627699
1651236802,149012224,-112.57048034667967,-23.361236572265625,-19.43808126449585,-0.0119608640670776,-0.00729162665084,-0.9134413003921508,-0.4067293703556061,73.09853945108294
1651236802,189012224,-112.57048034667967,-23.361236572265625,-19.438081979751587,-0.0119607970118522,-0.0072917086072266,-0.9134413003921508,-0.406729519367218,73.09853806102947
1651236802,189012224,-112.57048034667967,-23.361236572265625,-19.438081979751587,-0.0119607970118522,-0.0072917086072266,-0.9134413003921508,-0.406729519367218,73.29261726896432
1651236802,219012352,-112.57048034667967,-23.361236572265625,-19.438082933425903,-0.011960769072175,-0.0072917654179036,-0.9134411811828612,-0.4067295491695404,73.24996626790225
1651236802,219012352,-112.57048034667967,-23.361236572265625,-19.438082933425903,-0.011960769072175,-0.0072917654179036,-0.9134411811828612,-0.4067295491695404,73.24981644264376
1651236802,259012096,-112.57048034667967,-23.361236572265625,-19.43808341026306,-0.0119607485830783,-0.007291825953871,-0.9134411811828612,-0.4067296683788299,73.24966666263315
1651236802,259012096,-112.57048034667967,-23.361236572265625,-19.43808341026306,-0.0119607485830783,-0.007291825953871,-0.9134411811828612,-0.4067296683788299,73.24952211902155
1651236802,359012096,-112.57048034667967,-23.361236572265625,-19.43808627128601,-0.0119607672095298,-0.0072919433005154,-0.9134410619735718,-0.406729906797409,73.24938706017977
1651236802,359012096,-112.57048034667967,-23.361236572265625,-19.43808627128601,-0.0119607672095298,-0.0072919433005154,-0.9134410619735718,-0.406729906797409,73.24755133430159
1651236802,449011968,-112.57048034667967,-23.361236572265625,-19.438087701797485,-0.0119608175009489,-0.0072920001111924,-0.9134409427642822,-0.4067301154136657,73.18156534876893
1651236802,449011968,-112.57048034667967,-23.361236572265625,-19.438087701797485,-0.0119608175009489,-0.0072920001111924,-0.9134409427642822,-0.4067301154136657,73.02967847095789
1651236802,489011968,-112.57048034667967,-23.361236572265625,-19.438088178634644,-0.0119608324021101,-0.0072920150123536,-0.9134409427642822,-0.4067302346229553,73.02916001216181
1651236802,489011968,-112.57048034667967,-23.361236572265625,-19.438088178634644,-0.0119608324021101,-0.0072920150123536,-0.9134409427642822,-0.4067302346229553,73.02909177487076
1651236802,579011840,-112.57048034667967,-23.361234664916992,-19.438088417053223,-0.011960856616497,-0.0072920736856758,-0.9134408235549928,-0.4067304730415344,73.02488266443108
1651236802,579011840,-112.57048034667967,-23.361234664916992,-19.438088417053223,-0.011960856616497,-0.0072920736856758,-0.9134408235549928,-0.4067304730415344,73.02484321324626
1651236803,69011456,-112.57047271728516,-23.36123275756836,-19.43808937072754,-0.0119609180837869,-0.0072921235114336,-0.9134402275085448,-0.4067316353321075,73.02413576677878
1651236803,69011456,-112.57047271728516,-23.36123275756836,-19.43808937072754,-0.0119609180837869,-0.0072921235114336,-0.9134402275085448,-0.4067316353321075,72.99745047491119
1651236803,129011456,-112.57047271728516,-23.36123275756836,-19.43808937072754,-0.0119609236717224,-0.0072921318933367,-0.9134402275085448,-0.4067318141460418,72.99536422398948
1651236803,129011456,-112.57047271728516,-23.36123275756836,-19.43808937072754,-0.0119609236717224,-0.0072921318933367,-0.9134402275085448,-0.4067318141460418,72.99520416127277
1651236803,169011456,-112.57047271728516,-23.36123275756836,-19.43808937072754,-0.0119609236717224,-0.0072921523824334,-0.9134402275085448,-0.4067319333553314,72.9701223530129
1651236803,169011456,-112.57047271728516,-23.36123275756836,-19.43808937072754,-0.0119609236717224,-0.0072921523824334,-0.9134402275085448,-0.4067319333553314,72.9678842480652
1651236803,199011328,-112.57047271728516,-23.36123275756836,-19.43808937072754,-0.0119609218090772,-0.0072921570390462,-0.9134401082992554,-0.4067319631576538,72.96767547220573
1651236803,199011328,-112.57047271728516,-23.36123275756836,-19.43808937072754,-0.0119609218090772,-0.0072921570390462,-0.9134401082992554,-0.4067319631576538,72.96755805918278
1651236803,259011328,-112.57047271728516,-23.36123275756836,-19.43808937072754,-0.0119609162211418,-0.0072921840474009,-0.9134401082992554,-0.4067321419715881,72.96705227571361
1651236803,339011072,-112.57047271728516,-23.361230850219727,-19.43808937072754,-0.0119609218090772,-0.0072922091931104,-0.9134399890899658,-0.4067323207855224,72.94566119960737
1651236803,339011072,-112.57047271728516,-23.361230850219727,-19.43808937072754,-0.0119609218090772,-0.0072922091931104,-0.9134399890899658,-0.4067323207855224,72.9432690988484
1651236803,439011072,-112.57047271728516,-23.361230850219727,-19.43808937072754,-0.011960906907916,-0.0072922017425298,-0.9134398698806764,-0.4067325592041015,72.94327486233368
1651236803,459011072,-112.57047271728516,-23.361230850219727,-19.43808913230896,-0.0119608975946903,-0.0072921989485621,-0.9134398698806764,-0.4067326188087463,72.89962527350063
1651236803,459011072,-112.57047271728516,-23.361230850219727,-19.43808913230896,-0.0119608975946903,-0.0072921989485621,-0.9134398698806764,-0.4067326188087463,72.9001516818595
1651236803,559011072,-112.57047271728516,-23.361230850219727,-19.43808913230896,-0.0119608864188194,-0.00729217287153,-0.9134397506713868,-0.4067328572273254,72.90049963926752
1651236803,559011072,-112.57047271728516,-23.361230850219727,-19.43808913230896,-0.0119608864188194,-0.00729217287153,-0.9134397506713868,-0.4067328572273254,72.90057994870284
1651236804,49010432,-112.57046508789062,-23.361228942871094,-19.43808913230896,-0.0119608547538518,-0.0072921682149171,-0.913439154624939,-0.4067340195178985,72.90060162490852
1651236804,49010432,-112.57046508789062,-23.361228942871094,-19.43808913230896,-0.0119608547538518,-0.0072921682149171,-0.913439154624939,-0.4067340195178985,72.9005712865306
1651236804,149010432,-112.57046508789062,-23.36122703552246,-19.43808913230896,-0.011960856616497,-0.00729217287153,-0.913439154624939,-0.4067343175411224,72.97592166857844
1651236804,149010432,-112.57046508789062,-23.36122703552246,-19.43808913230896,-0.011960856616497,-0.00729217287153,-0.913439154624939,-0.4067343175411224,72.97046983364235
1651236804,179010304,-112.57046508789062,-23.36122703552246,-19.43808937072754,-0.0119608622044324,-0.0072921626269817,-0.9134390354156494,-0.4067343473434448,72.97050558333686
1651236804,179010304,-112.57046508789062,-23.36122703552246,-19.43808937072754,-0.0119608622044324,-0.0072921626269817,-0.9134390354156494,-0.4067343473434448,72.97053919450687
1651236804,239010304,-112.57046508789062,-23.36122703552246,-19.43808913230896,-0.0119608640670776,-0.0072921523824334,-0.9134390354156494,-0.4067345261573791,72.97058405187134
1651236804,239010304,-112.57046508789062,-23.36122703552246,-19.43808913230896,-0.0119608640670776,-0.0072921523824334,-0.9134390354156494,-0.4067345261573791,72.97062256784902
1651236804,279010304,-112.57046508789062,-23.36122703552246,-19.43808937072754,-0.0119608715176582,-0.0072921672835946,-0.9134390354156494,-0.4067346453666687,72.97196332381026
1651236804,279010304,-112.57046508789062,-23.36122703552246,-19.43808937072754,-0.0119608715176582,-0.0072921672835946,-0.9134390354156494,-0.4067346453666687,72.97184790248986
1651236804,349010176,-112.57046508789062,-23.36122703552246,-19.43808960914612,-0.0119608994573354,-0.0072921719402074,-0.91343891620636,-0.4067347943782806,72.97173884103354
1651236804,349010176,-112.57046508789062,-23.36122703552246,-19.43808960914612,-0.0119608994573354,-0.0072921719402074,-0.91343891620636,-0.4067347943782806,72.97163390633277
1651236804,369010176,-112.57046508789062,-23.36122703552246,-19.43808937072754,-0.0119609013199806,-0.0072921654209494,-0.91343891620636,-0.4067348539829254,72.97152662201792
1651236804,369010176,-112.57046508789062,-23.36122703552246,-19.43808937072754,-0.0119609013199806,-0.0072921654209494,-0.91343891620636,-0.4067348539829254,72.97097358547208
1651236804,439010048,-112.57046508789062,-23.36122703552246,-19.43808937072754,-0.0119609171524643,-0.0072921938262879,-0.9134387969970704,-0.4067350327968597,72.96987891785093
1651236804,439010048,-112.57046508789062,-23.36122703552246,-19.43808937072754,-0.0119609171524643,-0.0072921938262879,-0.9134387969970704,-0.4067350327968597,72.9696342506972
1651236804,539010048,-112.57046508789062,-23.361225128173828,-19.43808937072754,-0.0119609022513031,-0.0072921901009976,-0.9134386777877808,-0.4067352712154388,72.95292059772332
1651236804,659010048,-112.57046508789062,-23.361225128173828,-19.43808937072754,-0.0119609059765934,-0.0072921901009976,-0.9134385585784912,-0.4067355692386627,72.94352495967904
1651236804,659010048,-112.57046508789062,-23.361225128173828,-19.43808937072754,-0.0119609059765934,-0.0072921901009976,-0.9134385585784912,-0.4067355692386627,72.8948269365944
1651236804,659010048,-112.57046508789062,-23.361225128173828,-19.43808937072754,-0.0119609059765934,-0.0072921901009976,-0.9134385585784912,-0.4067355692386627,72.8948269365944
1651236805,49009664,-112.57046508789062,-23.361223220825195,-19.43808937072754,-0.0119608659297227,-0.0072921849787235,-0.913438081741333,-0.4067364931106567,72.89523737683177
1651236805,49009664,-112.57046508789062,-23.361223220825195,-19.43808937072754,-0.0119608659297227,-0.0072921849787235,-0.913438081741333,-0.4067364931106567,72.8978271031385
1651236805,49009664,-112.57046508789062,-23.361223220825195,-19.43808937072754,-0.0119608659297227,-0.0072921849787235,-0.913438081741333,-0.4067364931106567,72.8978271031385
1651236805,89009408,-112.57046508789062,-23.361223220825195,-19.43808937072754,-0.0119608659297227,-0.0072922147810459,-0.913438081741333,-0.4067366123199463,72.89828017602386
1651236805,89009408,-112.57046508789062,-23.361223220825195,-19.43808937072754,-0.0119608659297227,-0.0072922147810459,-0.913438081741333,-0.4067366123199463,72.89861221671934
1651236805,89009408,-112.57046508789062,-23.361223220825195,-19.43808937072754,-0.0119608659297227,-0.0072922147810459,-0.913438081741333,-0.4067366123199463,72.89861221671934
1651236805,159009536,-112.57046508789062,-23.361223220825195,-19.43808937072754,-0.0119608547538518,-0.0072922203689813,-0.9134379625320436,-0.4067367613315582,72.9814610391839
1651236805,159009536,-112.57046508789062,-23.361223220825195,-19.43808937072754,-0.0119608547538518,-0.0072922203689813,-0.9134379625320436,-0.4067367613315582,72.98308661001145
1651236805,259009280,-112.57046508789062,-23.36122131347656,-19.43808937072754,-0.0119608379900455,-0.0072921952232718,-0.9134379625320436,-0.4067370593547821,72.98155668435264
1651236805,259009280,-112.57046508789062,-23.36122131347656,-19.43808937072754,-0.0119608379900455,-0.0072921952232718,-0.9134379625320436,-0.4067370593547821,72.98075610542153
1651236805,319009280,-112.57046508789062,-23.36122131347656,-19.43808889389038,-0.0119608342647552,-0.0072921989485621,-0.913437843322754,-0.4067371785640716,72.97318044036562
1651236805,319009280,-112.57046508789062,-23.36122131347656,-19.43808889389038,-0.0119608342647552,-0.0072921989485621,-0.913437843322754,-0.4067371785640716,72.94811504712284
1651236805,449009152,-112.5704574584961,-23.36122131347656,-19.43808889389038,-0.0119608268141746,-0.0072922119870781,-0.9134377241134644,-0.4067375063896179,72.94735222187356
1651236805,529009152,-112.5704574584961,-23.36122131347656,-19.43808889389038,-0.0119608389213681,-0.0072921938262879,-0.9134376049041748,-0.4067377150058746,72.9419110643877
1651236805,529009152,-112.5704574584961,-23.36122131347656,-19.43808889389038,-0.0119608389213681,-0.0072921938262879,-0.9134376049041748,-0.4067377150058746,72.92783933645579
1651236805,529009152,-112.5704574584961,-23.36122131347656,-19.43808889389038,-0.0119608389213681,-0.0072921938262879,-0.9134376049041748,-0.4067377150058746,72.92783933645579
1651236805,669008896,-112.5704574584961,-23.36122131347656,-19.438088417053223,-0.0119608342647552,-0.0072921747341752,-0.9134374260902404,-0.4067380428314209,72.9072569502052
1651236805,669008896,-112.5704574584961,-23.36122131347656,-19.438088417053223,-0.0119608342647552,-0.0072921747341752,-0.9134374260902404,-0.4067380428314209,72.90964213321483
1651236805,759008768,-112.5704574584961,-23.36121940612793,-19.438088417053223,-0.0119608202949166,-0.0072921472601592,-0.9134373664855956,-0.40673828125,72.9096602919874
1651236805,759008768,-112.5704574584961,-23.36121940612793,-19.438088417053223,-0.0119608202949166,-0.0072921472601592,-0.9134373664855956,-0.40673828125,72.90966029187081
1651236805,759008768,-112.5704574584961,-23.36121940612793,-19.438088417053223,-0.0119608202949166,-0.0072921472601592,-0.9134373664855956,-0.40673828125,72.90966029187081
1651236805,859008768,-112.5704574584961,-23.36121940612793,-19.438088417053223,-0.0119608202949166,-0.0072921528480947,-0.9134372472763062,-0.4067385196685791,72.90963601766931
1651236805,859008768,-112.5704574584961,-23.36121940612793,-19.438088417053223,-0.0119608202949166,-0.0072921528480947,-0.9134372472763062,-0.4067385196685791,72.9096360178635
1651236806,59008512,-112.5704574584961,-23.361217498779297,-19.4380886554718,-0.011960819363594,-0.0072921412065625,-0.9134370684623718,-0.4067390263080597,72.90962955061947
1651236806,89008640,-112.5704574584961,-23.361217498779297,-19.4380886554718,-0.0119608212262392,-0.0072921346873044,-0.9134369492530824,-0.4067390561103821,72.90964401884709
1651236806,89008640,-112.5704574584961,-23.361217498779297,-19.4380886554718,-0.0119608212262392,-0.0072921346873044,-0.9134369492530824,-0.4067390561103821,72.90964401877976
1651236806,139008512,-112.5704574584961,-23.361217498779297,-19.4380886554718,-0.011960819363594,-0.0072921374812722,-0.9134369492530824,-0.406739205121994,72.9092295839911
1651236806,139008512,-112.5704574584961,-23.361217498779297,-19.4380886554718,-0.011960819363594,-0.0072921374812722,-0.9134369492530824,-0.406739205121994,72.90923041802557
1651236806,139008512,-112.5704574584961,-23.361217498779297,-19.4380886554718,-0.011960819363594,-0.0072921374812722,-0.9134369492530824,-0.406739205121994,72.90923041802557
1651236806,259008512,-112.5704574584961,-23.361217498779297,-19.4380886554718,-0.0119608156383037,-0.0072921523824334,-0.9134368300437928,-0.4067395031452179,72.90922670313303
1651236806,259008512,-112.5704574584961,-23.361217498779297,-19.4380886554718,-0.0119608156383037,-0.0072921523824334,-0.9134368300437928,-0.4067395031452179,72.9092267031466
1651236806,289008384,-112.5704574584961,-23.361217498779297,-19.4380886554718,-0.0119608137756586,-0.0072921607643365,-0.9134367108345032,-0.4067395329475403,72.909239028984
1651236806,289008384,-112.5704574584961,-23.361217498779297,-19.4380886554718,-0.0119608137756586,-0.0072921607643365,-0.9134367108345032,-0.4067395329475403,72.90923902896908
1651236806,319008256,-112.5704574584961,-23.361217498779297,-19.438088417053223,-0.0119608230888843,-0.0072921635583043,-0.9134367108345032,-0.4067396223545074,72.90924173061559
1651236806,319008256,-112.5704574584961,-23.361217498779297,-19.438088417053223,-0.0119608230888843,-0.0072921635583043,-0.9134367108345032,-0.4067396223545074,72.90924173061559
1651236806,359008256,-112.5704574584961,-23.361217498779297,-19.438088417053223,-0.0119608268141746,-0.0072921672835946,-0.9134367108345032,-0.406739741563797,72.90921778074166
1651236806,459008256,-112.5704574584961,-23.361215591430664,-19.438088417053223,-0.0119608156383037,-0.0072921747341752,-0.9134365916252136,-0.4067399799823761,72.90921712213448
1651236806,539008256,-112.5704574584961,-23.361215591430664,-19.43808889389038,-0.0119608175009489,-0.0072921775281429,-0.913436472415924,-0.406740128993988,72.90923461128932
1651236806,569008128,-112.5704574584961,-23.361215591430664,-19.43808889389038,-0.011960819363594,-0.0072921840474009,-0.913436472415924,-0.4067402184009552,72.909247361042
1651236807,29007616,-112.57044982910156,-23.36121368408203,-19.4380886554718,-0.0119607858359813,-0.0072922566905617,-0.913435995578766,-0.4067413508892059,72.90721087822081
1651236807,369007360,-112.57044982910156,-23.3612117767334,-19.43808889389038,-0.0119608528912067,-0.0072922939434647,-0.9134356379508972,-0.4067422151565552,72.90724855133895
1651236807,459007232,-112.57044982910156,-23.3612117767334,-19.4380886554718,-0.0119608528912067,-0.0072922920808196,-0.9134355187416076,-0.4067424237728119,72.9072344770864
1651236807,529007104,-112.57044982910156,-23.3612117767334,-19.43808889389038,-0.0119608603417873,-0.0072922958061099,-0.913435399532318,-0.4067425727844238,72.9060377083225
1651236807,569007104,-112.57044982910156,-23.3612117767334,-19.43808889389038,-0.011960856616497,-0.007292284630239,-0.913435399532318,-0.4067426919937134,72.90607471010061
1651236807,629007104,-112.57044982910156,-23.36120986938477,-19.438088417053223,-0.0119608575478196,-0.0072922850959002,-0.9134353399276732,-0.4067428410053253,72.90356621824994
1651236808,69006592,-112.54657745361328,-23.38751983642578,-19.43954873085022,-0.0130415428429842,-0.0077510238625109,-0.915752410888672,-0.4014565944671631,73.03885387386781
1651236808,159006720,-112.5067138671875,-23.42926025390625,-19.440391302108765,-0.0139583759009838,-0.0080688400194048,-0.9192129373550416,-0.3934307992458343,73.19795189927217
1651236808,199006464,-112.48260498046876,-23.453691482543945,-19.440572261810303,-0.0143367052078247,-0.0081873219460248,-0.9212096929550172,-0.3887161910533905,73.09189497800085
1651236808,269006592,-112.43058013916016,-23.50472068786621,-19.440581798553467,-0.014943579211831,-0.0083609232679009,-0.9253387451171876,-0.3787545561790466,73.14412354881797
1651236808,299006464,-112.404296875,-23.529674530029297,-19.440470218658447,-0.0151852611452341,-0.0084247887134552,-0.927341639995575,-0.3738126158714294,73.16418756035637
1651236808,339006464,-112.36538696289062,-23.5656795501709,-19.440220594406128,-0.0154948476701974,-0.0085033373907208,-0.9302154183387756,-0.3665882647037506,73.18595373605575
1651236808,439006208,-112.24776458740234,-23.668302536010746,-19.43912410736084,-0.0162342544645071,-0.0086854454129934,-0.9383121728897096,-0.3452988862991333,73.34313649850603
1651236808,479006208,-112.19434356689452,-23.7126522064209,-19.438385009765625,-0.0159987229853868,-0.0076643829233944,-0.94017493724823,-0.3402301967144012,73.48090589442974
1651236808,479006208,-112.19434356689452,-23.7126522064209,-19.438385009765625,-0.0159987229853868,-0.0076643829233944,-0.94017493724823,-0.3402301967144012,73.30812036212211
1651236808,539006208,-112.11349487304688,-23.7780704498291,-19.43670082092285,-0.0151893869042396,-0.0056193363852798,-0.940475583076477,-0.3394752740859985,73.49230322221842
1651236808,579006208,-112.06002044677734,-23.821622848510746,-19.43532705307007,-0.0147819183766841,-0.0048297964967787,-0.9404909610748292,-0.3394627273082733,73.85673827513261
1651236808,639006208,-111.98060607910156,-23.88699531555176,-19.43318653106689,-0.0143851749598979,-0.0042684008367359,-0.9404928088188172,-0.3394822180271148,73.57744481783722
1651236808,669006080,-111.9412078857422,-23.919652938842773,-19.43213653564453,-0.0142647419124841,-0.0041678557172417,-0.9404916167259216,-0.3394918143749237,74.357724210039
1651236808,669006080,-111.9412078857422,-23.919652938842773,-19.43213653564453,-0.0142647419124841,-0.0041678557172417,-0.9404916167259216,-0.3394918143749237,74.35793503926884
1651236808,729006080,-111.8631820678711,-23.98477935791016,-19.42936897277832,-0.0140808392316102,-0.0044263997115194,-0.9404923319816588,-0.3394941091537475,74.43425502663155
1651236808,729006080,-111.8631820678711,-23.98477935791016,-19.42936897277832,-0.0140808392316102,-0.0044263997115194,-0.9404923319816588,-0.3394941091537475,74.51399652903523
1651236808,769006080,-111.81171417236328,-24.02800178527832,-19.42716360092163,-0.0139884576201438,-0.0048322929069399,-0.9404929280281068,-0.3394908607006073,74.7146604241087
1651236808,769006080,-111.81171417236328,-24.02800178527832,-19.42716360092163,-0.0139884576201438,-0.0048322929069399,-0.9404929280281068,-0.3394908607006073,74.74721171476219
1651236809,39005696,-111.47180938720705,-24.31403923034668,-19.41656446456909,-0.0142012611031532,-0.0068215378560125,-0.9404874444007874,-0.3394631445407867,75.39524063105105
1651236809,39005696,-111.47180938720705,-24.31403923034668,-19.41656446456909,-0.0142012611031532,-0.0068215378560125,-0.9404874444007874,-0.3394631445407867,75.39531652760316
1651236809,69005824,-111.43473815917967,-24.345212936401367,-19.41577386856079,-0.0142898447811603,-0.0069692111574113,-0.9404870867729188,-0.3394575417041778,75.46412967548885
1651236809,69005824,-111.43473815917967,-24.345212936401367,-19.41577386856079,-0.0142898447811603,-0.0069692111574113,-0.9404870867729188,-0.3394575417041778,75.46388248633275
1651236809,139005696,-111.3487319946289,-24.417490005493164,-19.41404438018799,-0.0145113319158554,-0.0072820601053535,-0.9404857754707336,-0.3394451439380646,75.53543130139447
1651236809,139005696,-111.3487319946289,-24.417490005493164,-19.41404438018799,-0.0145113319158554,-0.0072820601053535,-0.9404857754707336,-0.3394451439380646,75.73717202103263
1651236809,169005568,-111.31208801269533,-24.44826889038086,-19.4133243560791,-0.0146054700016975,-0.0074018179439008,-0.9404850602149964,-0.3394404649734497,75.86678226175121
1651236809,169005568,-111.31208801269533,-24.44826889038086,-19.4133243560791,-0.0146054700016975,-0.0074018179439008,-0.9404850602149964,-0.3394404649734497,75.87519463119918
1651236809,229005568,-111.23444366455078,-24.51337242126465,-19.41226172447205,-0.014962138608098,-0.0075666871853172,-0.9404767155647278,-0.3394443690776825,75.94116097295007
1651236809,229005568,-111.23444366455078,-24.51337242126465,-19.41226172447205,-0.014962138608098,-0.0075666871853172,-0.9404767155647278,-0.3394443690776825,75.94327104637726
1651236809,269005568,-111.17633819580078,-24.562036514282227,-19.411815643310547,-0.0153478793799877,-0.0076237265020608,-0.9404663443565368,-0.3394545614719391,75.99268307038325
1651236809,269005568,-111.17633819580078,-24.562036514282227,-19.411815643310547,-0.0153478793799877,-0.0076237265020608,-0.9404663443565368,-0.3394545614719391,76.05299662465316
1651236809,269005568,-111.17633819580078,-24.562036514282227,-19.411815643310547,-0.0153478793799877,-0.0076237265020608,-0.9404663443565368,-0.3394545614719391,76.05299662465316
1651236809,339005440,-111.06228637695312,-24.65741729736328,-19.410356760025024,-0.0159731339663267,-0.0076718991622328,-0.9404456615447998,-0.3394818902015686,76.20214844936126
1651236809,339005440,-111.06228637695312,-24.65741729736328,-19.410356760025024,-0.0159731339663267,-0.0076718991622328,-0.9404456615447998,-0.3394818902015686,76.35497691153614
1651236809,339005440,-111.06228637695312,-24.65741729736328,-19.410356760025024,-0.0159731339663267,-0.0076718991622328,-0.9404456615447998,-0.3394818902015686,76.35497691153614
1651236809,439005440,-110.87188720703124,-24.81643867492676,-19.405692100524902,-0.0163835138082504,-0.0077066491357982,-0.9404134750366212,-0.3395508527755737,76.45283416295318
1651236809,439005440,-110.87188720703124,-24.81643867492676,-19.405692100524902,-0.0163835138082504,-0.0077066491357982,-0.9404134750366212,-0.3395508527755737,76.45267996602882
1651236809,439005440,-110.87188720703124,-24.81643867492676,-19.405692100524902,-0.0163835138082504,-0.0077066491357982,-0.9404134750366212,-0.3395508527755737,76.45267996602882
1651236809,509005312,-110.71897888183594,-24.944002151489254,-19.4010066986084,-0.0163478106260299,-0.0076999487355351,-0.9403895735740662,-0.3396190106868744,76.59822400268158
1651236809,509005312,-110.71897888183594,-24.944002151489254,-19.4010066986084,-0.0163478106260299,-0.0076999487355351,-0.9403895735740662,-0.3396190106868744,76.60284864321656
1651236809,509005312,-110.71897888183594,-24.944002151489254,-19.4010066986084,-0.0163478106260299,-0.0076999487355351,-0.9403895735740662,-0.3396190106868744,76.60284864321656
1651236809,569005312,-110.57485961914062,-25.06420135498047,-19.39623975753784,-0.0161807481199502,-0.0077030099928379,-0.9403698444366456,-0.339681476354599,77.21509107628628
1651236809,569005312,-110.57485961914062,-25.06420135498047,-19.39623975753784,-0.0161807481199502,-0.0077030099928379,-0.9403698444366456,-0.339681476354599,77.29770843429392
1651236810,109004800,-109.04509735107422,-26.34437370300293,-19.34847903251648,-0.0137828551232814,-0.0104242144152522,-0.9402909874916076,-0.3399327099323272,78.34720524525738
1651236810,109004800,-109.04509735107422,-26.34437370300293,-19.34847903251648,-0.0137828551232814,-0.0104242144152522,-0.9402909874916076,-0.3399327099323272,78.50641537508187
1651236810,109004800,-109.04509735107422,-26.34437370300293,-19.34847903251648,-0.0137828551232814,-0.0104242144152522,-0.9402909874916076,-0.3399327099323272,78.50641537508187
1651236810,129004800,-108.98858642578124,-26.39177131652832,-19.346821069717407,-0.0137185994535684,-0.0105987451970577,-0.9402889013290404,-0.3399356305599212,78.54686039351581
1651236810,169004800,-108.87257385253906,-26.48904037475586,-19.34386348724365,-0.0136605389416217,-0.0108783021569252,-0.9402801990509032,-0.3399534523487091,78.66859129029338
1651236810,169004800,-108.87257385253906,-26.48904037475586,-19.34386348724365,-0.0136605389416217,-0.0108783021569252,-0.9402801990509032,-0.3399534523487091,78.6695234353488
1651236810,249004544,-108.62336730957033,-26.69765853881836,-19.339188814163208,-0.0138146486133337,-0.0108984662219882,-0.9402619004249572,-0.339996874332428,78.91390347862952
1651236810,249004544,-108.62336730957033,-26.69765853881836,-19.339188814163208,-0.0138146486133337,-0.0108984662219882,-0.9402619004249572,-0.339996874332428,78.92029576973786
1651236810,289004544,-108.49011993408205,-26.809011459350582,-19.336944580078125,-0.0139266960322856,-0.0106996456161141,-0.9402560591697692,-0.3400150537490845,78.9820923375489
1651236810,289004544,-108.49011993408205,-26.809011459350582,-19.336944580078125,-0.0139266960322856,-0.0106996456161141,-0.9402560591697692,-0.3400150537490845,78.9751004533776
1651236810,349004544,-108.27935028076172,-26.98497200012207,-19.333317279815677,-0.0140481740236282,-0.0102807870134711,-0.9402486085891724,-0.340043693780899,79.17263122505067
1651236810,349004544,-108.27935028076172,-26.98497200012207,-19.333317279815677,-0.0140481740236282,-0.0102807870134711,-0.9402486085891724,-0.340043693780899,79.17345327606307
1651236810,459004416,-107.8587417602539,-27.33588409423828,-19.325352668762207,-0.0140317492187023,-0.009374164044857,-0.9402385354042052,-0.3400980830192566,79.91110312666561
1651236810,459004416,-107.8587417602539,-27.33588409423828,-19.325352668762207,-0.0140317492187023,-0.009374164044857,-0.9402385354042052,-0.3400980830192566,79.93101925223394
1651236810,549004288,-107.48136138916016,-27.650732040405277,-19.317444801330566,-0.013779267668724,-0.0086118495091795,-0.9402350783348083,-0.3401382863521576,80.71951348250334
1651236810,549004288,-107.48136138916016,-27.650732040405277,-19.317444801330566,-0.013779267668724,-0.0086118495091795,-0.9402350783348083,-0.3401382863521576,80.88940054763897
1651236810,629004288,-107.12045288085938,-27.951866149902344,-19.30948233604431,-0.0134184677153825,-0.0079484181478619,-0.9402340650558472,-0.3401716649532318,81.24090024035083
1651236810,629004288,-107.12045288085938,-27.951866149902344,-19.30948233604431,-0.0134184677153825,-0.0079484181478619,-0.9402340650558472,-0.3401716649532318,81.24443142287367
1651236810,759004160,-106.5156478881836,-28.456932067871094,-19.29574179649353,-0.0123674981296062,-0.0072561162523925,-0.940252721309662,-0.3401751816272735,81.6930895660431
1651236810,759004160,-106.5156478881836,-28.456932067871094,-19.29574179649353,-0.0123674981296062,-0.0072561162523925,-0.940252721309662,-0.3401751816272735,81.6965662628427
1651236811,19003904,-105.31476593017578,-29.457324981689453,-19.26932668685913,-0.0104500502347946,-0.0038056953344494,-0.9402934908866882,-0.3401829302310943,82.52247548049559
1651236811,19003904,-105.31476593017578,-29.457324981689453,-19.26932668685913,-0.0104500502347946,-0.0038056953344494,-0.9402934908866882,-0.3401829302310943,82.5224799850208
1651236811,129003776,-104.81179809570312,-29.87728309631348,-19.25908601284027,-0.0115800416097044,-0.003653174964711,-0.9403221607208252,-0.3400687873363495,82.78179592201323
1651236811,129003776,-104.81179809570312,-29.87728309631348,-19.25908601284027,-0.0115800416097044,-0.003653174964711,-0.9403221607208252,-0.3400687873363495,82.76800891142209
1651236811,149003776,-104.72067260742188,-29.953468322753903,-19.25727415084839,-0.0116914547979831,-0.0036065676249563,-0.940327525138855,-0.3400509655475616,82.73883600537887
1651236811,149003776,-104.72067260742188,-29.953468322753903,-19.25727415084839,-0.0116914547979831,-0.0036065676249563,-0.940327525138855,-0.3400509655475616,82.73387824679484
1651236811,179003648,-104.5842056274414,-30.06758117675781,-19.2545782327652,-0.0120909893885254,-0.0035907623823732,-0.940292477607727,-0.340133786201477,83.2520963592204
1651236811,179003648,-104.5842056274414,-30.06758117675781,-19.2545782327652,-0.0120909893885254,-0.0035907623823732,-0.940292477607727,-0.340133786201477,83.36089634434525
1651236811,269003520,-104.17610931396484,-30.408485412597656,-19.246633768081665,-0.0133587419986724,-0.0024006208404898,-0.9401354789733888,-0.3405307233333587,84.01416793978036
1651236811,349003520,-103.81742095947266,-30.70979118347168,-19.239550948143005,-0.0168759077787399,-0.0036848185118287,-0.9402998685836792,-0.3399086594581604,84.4123720576456
1651236811,349003520,-103.81742095947266,-30.70979118347168,-19.239550948143005,-0.0168759077787399,-0.0036848185118287,-0.9402998685836792,-0.3399086594581604,84.41243042069684
1651236811,349003520,-103.81742095947266,-30.70979118347168,-19.239550948143005,-0.0168759077787399,-0.0036848185118287,-0.9402998685836792,-0.3399086594581604,84.41243042069684
1651236811,369003520,-103.7299346923828,-30.78501510620117,-19.237648248672485,-0.0194427706301212,-0.0058449385687708,-0.9404125809669496,-0.339428961277008,84.1883915737601
1651236811,369003520,-103.7299346923828,-30.78501510620117,-19.237648248672485,-0.0194427706301212,-0.0058449385687708,-0.9404125809669496,-0.339428961277008,84.19774464933668
1651236811,369003520,-103.7299346923828,-30.78501510620117,-19.237648248672485,-0.0194427706301212,-0.0058449385687708,-0.9404125809669496,-0.339428961277008,84.19774464933668
1651236811,409003520,-103.55677032470705,-30.93515396118164,-19.233439803123478,-0.0249725691974163,-0.0109043903648853,-0.9405117034912108,-0.3386669754981994,84.7014887458109
1651236811,409003520,-103.55677032470705,-30.93515396118164,-19.233439803123478,-0.0249725691974163,-0.0109043903648853,-0.9405117034912108,-0.3386669754981994,84.70148875978435
1651236811,479003392,-103.25442504882812,-31.195816040039062,-19.22429251670837,-0.0308705680072307,-0.0177744850516319,-0.9404026865959167,-0.3381922245025635,85.70208777065646
1651236811,479003392,-103.25442504882812,-31.195816040039062,-19.22429251670837,-0.0308705680072307,-0.0177744850516319,-0.9404026865959167,-0.3381922245025635,85.70208777065646
1651236811,479003392,-103.25442504882812,-31.195816040039062,-19.22429251670837,-0.0308705680072307,-0.0177744850516319,-0.9404026865959167,-0.3381922245025635,85.70208777065646
1651236812,29003008,-100.90406799316406,-32.656612396240234,-19.085119366645813,-0.0043339170515537,-0.079502061009407,-0.9941799640655518,-0.0725739523768425,86.33582224774915
1651236812,29003008,-100.90406799316406,-32.656612396240234,-19.085119366645813,-0.0043339170515537,-0.079502061009407,-0.9941799640655518,-0.0725739523768425,87.10990179402174
1651236812,29003008,-100.90406799316406,-32.656612396240234,-19.085119366645813,-0.0043339170515537,-0.079502061009407,-0.9941799640655518,-0.0725739523768425,86.33648344144896
1651236812,59002880,-100.75631713867188,-32.68673324584961,-19.081891775131226,-0.0031508954707533,-0.0794491097331047,-0.9953334331512452,-0.0546740777790546,86.54603259435028
1651236812,59002880,-100.75631713867188,-32.68673324584961,-19.081891775131226,-0.0031508954707533,-0.0794491097331047,-0.9953334331512452,-0.0546740777790546,86.58180220936299
1651236812,159002880,-100.24586486816406,-32.74259948730469,-19.07604873180389,-0.0026219298597425,-0.0706694200634956,-0.9969523549079896,-0.0329415313899517,86.42967044693629
1651236812,159002880,-100.24586486816406,-32.74259948730469,-19.07604873180389,-0.0026219298597425,-0.0706694200634956,-0.9969523549079896,-0.0329415313899517,86.42969046337637
1651236812,159002880,-100.24586486816406,-32.74259948730469,-19.07604873180389,-0.0026219298597425,-0.0706694200634956,-0.9969523549079896,-0.0329415313899517,86.42969046337637
1651236812,229002752,-99.88043975830078,-32.76261901855469,-19.064794659614563,-0.0019251443445682,-0.0645259842276573,-0.9973878264427184,-0.0324085801839828,87.06724795588543
1651236812,229002752,-99.88043975830078,-32.76261901855469,-19.064794659614563,-0.0019251443445682,-0.0645259842276573,-0.9973878264427184,-0.0324085801839828,87.32837002190386
1651236812,229002752,-99.88043975830078,-32.76261901855469,-19.064794659614563,-0.0019251443445682,-0.0645259842276573,-0.9973878264427184,-0.0324085801839828,87.32837002190386
1651236812,259002624,-99.7234115600586,-32.770843505859375,-19.058056712150574,-0.0013113394379615,-0.0622458346188068,-0.9975276589393616,-0.0325948484241962,87.26101922299478
1651236812,259002624,-99.7234115600586,-32.770843505859375,-19.058056712150574,-0.0013113394379615,-0.0622458346188068,-0.9975276589393616,-0.0325948484241962,87.26121258160305
1651236812,299002624,-99.51636505126952,-32.783424377441406,-19.048514366149902,0.001118779182434,-0.0574334673583507,-0.9978412985801696,-0.0318279974162578,86.48188576152467
1651236812,299002624,-99.51636505126952,-32.783424377441406,-19.048514366149902,0.001118779182434,-0.0574334673583507,-0.9978412985801696,-0.0318279974162578,85.91551120884128
1651236812,359002624,-99.21187591552734,-32.80196762084961,-19.0300886631012,0.0063451966270804,-0.0502874962985515,-0.9982618689537048,-0.0300689712166786,86.6222052005596
1651236812,359002624,-99.21187591552734,-32.80196762084961,-19.0300886631012,0.0063451966270804,-0.0502874962985515,-0.9982618689537048,-0.0300689712166786,86.6222052005596
1651236812,429002496,-98.87081146240234,-32.808040618896484,-19.02703070640564,0.0086202546954154,-0.0364386513829231,-0.9988409280776978,-0.0302453022450208,86.41417739913753
1651236812,429002496,-98.87081146240234,-32.808040618896484,-19.02703070640564,0.0086202546954154,-0.0364386513829231,-0.9988409280776978,-0.0302453022450208,86.41457155054977
1651236812,469002496,-98.67813873291016,-32.81303405761719,-19.02743113040924,0.0091894119977951,-0.0300850830972194,-0.9990460872650146,-0.0302903167903423,86.41259919701528
1651236812,469002496,-98.67813873291016,-32.81303405761719,-19.02743113040924,0.0091894119977951,-0.0300850830972194,-0.9990460872650146,-0.0302903167903423,86.31208268302566
1651236812,559002368,-98.25154876708984,-32.82384490966797,-19.04496383666992,0.0065756277181208,-0.0239750239998102,-0.9991875886917114,-0.0317220389842987,86.18959459044272
1651236812,559002368,-98.25154876708984,-32.82384490966797,-19.04496383666992,0.0065756277181208,-0.0239750239998102,-0.9991875886917114,-0.0317220389842987,86.18939593041254
1651236813,39001856,-95.7286605834961,-32.98359298706055,-19.070498943328857,-0.0165775269269943,-0.0353541895747184,-0.9988160133361816,-0.029014203697443,86.6637452693886
1651236813,39001856,-95.7286605834961,-32.98359298706055,-19.070498943328857,-0.0165775269269943,-0.0353541895747184,-0.9988160133361816,-0.029014203697443,86.66369149833562
1651236813,79001856,-95.49060821533205,-32.99996566772461,-19.07318234443665,-0.0213284660130739,-0.0402868650853633,-0.9985206127166748,-0.0296425148844718,86.51672929485596
1651236813,79001856,-95.49060821533205,-32.99996566772461,-19.07318234443665,-0.0213284660130739,-0.0402868650853633,-0.9985206127166748,-0.0296425148844718,86.40218136498832
1651236813,79001856,-95.49060821533205,-32.99996566772461,-19.07318234443665,-0.0213284660130739,-0.0402868650853633,-0.9985206127166748,-0.0296425148844718,86.40218136498832
1651236813,149001728,-95.06336975097656,-33.02848052978516,-19.076021194458008,-0.0288140885531902,-0.048289481550455,-0.9979259371757508,-0.0313335768878459,86.07823423305746
1651236813,149001728,-95.06336975097656,-33.02848052978516,-19.076021194458008,-0.0288140885531902,-0.048289481550455,-0.9979259371757508,-0.0313335768878459,86.0644080056731
1651236813,239001856,-94.50475311279295,-33.06758117675781,-19.07663655281067,-0.0428361929953098,-0.0460182651877403,-0.9974768161773682,-0.0329779013991355,86.04745652760515
1651236813,239001856,-94.50475311279295,-33.06758117675781,-19.07663655281067,-0.0428361929953098,-0.0460182651877403,-0.9974768161773682,-0.0329779013991355,86.04725766619025
1651236813,349001728,-93.82039642333984,-33.105716705322266,-19.06467282772064,-0.0608967617154121,-0.0324789397418499,-0.9969833493232728,-0.0355112068355083,85.79455103524515
1651236813,349001728,-93.82039642333984,-33.105716705322266,-19.06467282772064,-0.0608967617154121,-0.0324789397418499,-0.9969833493232728,-0.0355112068355083,85.79504684898403
1651236813,349001728,-93.82039642333984,-33.105716705322266,-19.06467282772064,-0.0608967617154121,-0.0324789397418499,-0.9969833493232728,-0.0355112068355083,85.79504684898403
1651236813,479001600,-93.0727081298828,-33.16107177734375,-18.98685920238495,-0.059836495667696,-0.0450501814484596,-0.9966410994529724,-0.0331175625324249,85.15577550823623
1651236813,479001600,-93.0727081298828,-33.16107177734375,-18.98685920238495,-0.059836495667696,-0.0450501814484596,-0.9966410994529724,-0.0331175625324249,85.15553129042232
1651236813,569001472,-92.58355712890624,-33.20574188232422,-18.94469928741455,-0.0561661422252655,-0.0469589158892631,-0.9968113303184508,-0.0317384786903858,85.51757952350094
1651236813,569001472,-92.58355712890624,-33.20574188232422,-18.94469928741455,-0.0561661422252655,-0.0469589158892631,-0.9968113303184508,-0.0317384786903858,85.51956531268087
1651236813,679001344,-92.00305938720705,-33.257354736328125,-18.895301461219788,-0.0613964833319187,-0.0581570491194725,-0.995930314064026,-0.0311614293605089,85.95371799408451
1651236813,679001344,-92.00305938720705,-33.257354736328125,-18.895301461219788,-0.0613964833319187,-0.0581570491194725,-0.995930314064026,-0.0311614293605089,85.95386086758622
1651236813,699001344,-91.90318298339844,-33.264652252197266,-18.88906526565552,-0.0628582686185836,-0.060520626604557,-0.9956834316253662,-0.0316309481859207,85.77582140888043
1651236813,699001344,-91.90318298339844,-33.264652252197266,-18.88906526565552,-0.0628582686185836,-0.060520626604557,-0.9956834316253662,-0.0316309481859207,85.77572010417376
1651236813,779001344,-91.89933013916016,-33.361839294433594,-18.892074584960938,-0.0621524378657341,-0.0640831142663955,-0.995827317237854,-0.0189313869923353,85.8949464102847
1651236814,79000832,-91.9033660888672,-33.369720458984375,-18.836045622825623,-0.0562530197203159,-0.0555149912834167,-0.9966914653778076,-0.0189710557460784,85.80466618960031
1651236814,109000960,-91.90363311767578,-33.37004470825195,-18.833211183547974,-0.0560198426246643,-0.0545146875083446,-0.9967592358589172,-0.0189969167113304,85.63381714782031
1651236814,109000960,-91.90363311767578,-33.37004470825195,-18.833211183547974,-0.0560198426246643,-0.0545146875083446,-0.9967592358589172,-0.0189969167113304,85.63384741490475
1651236814,179000832,-91.904052734375,-33.370948791503906,-18.82836318016052,-0.0556506924331188,-0.052551295608282,-0.9968852996826172,-0.019005624577403,85.48111049258222
1651236814,179000832,-91.904052734375,-33.370948791503906,-18.82836318016052,-0.0556506924331188,-0.052551295608282,-0.9968852996826172,-0.019005624577403,85.48088147422328
1651236814,249000704,-91.90418243408205,-33.372066497802734,-18.82538878917694,-0.0554746314883232,-0.0511319711804389,-0.9969699382781982,-0.0189500097185373,85.57845620237099
1651236814,249000704,-91.90418243408205,-33.372066497802734,-18.82538878917694,-0.0554746314883232,-0.0511319711804389,-0.9969699382781982,-0.0189500097185373,85.57917568744014
1651236814,269000704,-91.90419006347656,-33.37242889404297,-18.824790716171265,-0.0554415136575698,-0.0507982112467289,-0.9969894289970398,-0.018920674920082,85.69073275754887
1651236814,349000704,-91.90476989746094,-33.3736686706543,-18.823257446289062,-0.0554518587887287,-0.0498394928872585,-0.9970388412475586,-0.0188327003270387,85.78855925339484
1651236814,469000704,-91.9168930053711,-33.37489700317383,-18.82371187210083,-0.0561269521713256,-0.0497834384441375,-0.997004210948944,-0.0188145041465759,85.84455812377522
1651236814,519000576,-91.92656707763672,-33.37540817260742,-18.824700832366943,-0.0564221665263175,-0.0500114373862743,-0.9969765543937684,-0.0187922175973653,85.91054261131724
1651236814,679000320,-91.9757843017578,-33.376686096191406,-18.83025884628296,-0.057028654962778,-0.0511251278221607,-0.9968876838684082,-0.0186822824180126,86.04230516388644
1651236814,749000192,-92.00563049316406,-33.37709426879883,-18.83331274986267,-0.0570977926254272,-0.051545538008213,-0.9968633651733398,-0.0186132099479436,86.0750374473664
1651236815,238999808,-92.28227996826172,-33.38353729248047,-18.92184817790985,-0.0682581216096878,-0.0700037479400634,-0.9950581789016724,-0.01730846054852,86.12245954982686
1651236815,278999808,-92.2919921875,-33.38430404663086,-18.925909876823425,-0.068886250257492,-0.0709483921527862,-0.9949488639831544,-0.0172599907964468,86.20422179968621
1651236815,338999808,-92.29849243164062,-33.38546371459961,-18.929368257522583,-0.0694859400391578,-0.0717509537935257,-0.9948505759239196,-0.0171997062861919,86.16600484754835
1651236815,378999808,-92.2983627319336,-33.38637161254883,-18.930373907089237,-0.0697208568453788,-0.0720218271017074,-0.9948157668113708,-0.0171328950673341,86.14850484269603
