frame_id,child_frame_id,timestamp_sec,timestamp_nanosec,position_x,position_y,position_z,orientation_x,orientation_y,orientation_z,orientation_w
odom,base_link,1651236800,539013888,-23.355865478515625,112.56361389160156,-19.052588939666748,0.0,5.381393108905286e-09,-0.913545548915863,-0.4067366123199463
odom,base_link,1651236800,549013760,-23.355865478515625,112.56361389160156,-19.05357003211975,0.0,5.381393108905286e-09,-0.913545548915863,-0.4067366123199463
odom,base_link,1651236800,559013888,-23.355865478515625,112.56361389160156,-19.055531978607178,0.0,5.381393108905286e-09,-0.913545548915863,-0.4067366123199463
odom,base_link,1651236800,569013760,-23.355865478515625,112.56361389160156,-19.05847477912903,0.0,5.381393108905286e-09,-0.913545548915863,-0.4067366123199463
odom,base_link,1651236800,579013888,-23.355865478515625,112.56361389160156,-19.062398672103882,0.0,5.381393108905286e-09,-0.913545548915863,-0.4067366123199463
odom,base_link,1651236800,589013760,-23.355865478515625,112.56361389160156,-19.06730318069458,0.0,5.370523137315786e-09,-0.9135454893112183,-0.4067366123199463
odom,base_link,1651236800,599013888,-23.355865478515625,112.56361389160156,-19.07318902015686,0.0,5.370523137315786e-09,-0.9135454893112183,-0.4067366123199463
odom,base_link,1651236800,609013760,-23.355865478515625,112.56361389160156,-19.080055713653564,0.0,5.370523137315786e-09,-0.9135454893112183,-0.4067366123199463
odom,base_link,1651236800,619013888,-23.355865478515625,112.56361389160156,-19.087903261184692,0.0,5.370523137315786e-09,-0.9135454893112183,-0.4067366123199463
odom,base_link,1651236800,629013760,-23.355865478515625,112.56361389160156,-19.096731662750244,0.0,5.370523137315786e-09,-0.9135454893112183,-0.4067366123199463
odom,base_link,1651236800,639013888,-23.355865478515625,112.56361389160156,-19.10654091835022,0.0,5.370523137315786e-09,-0.9135454893112183,-0.4067366123199463
odom,base_link,1651236800,649013760,-23.355865478515625,112.56361389160156,-19.11733102798462,0.0,5.370523137315786e-09,-0.9135454893112183,-0.4067366123199463
odom,base_link,1651236800,659013632,-23.355865478515625,112.56361389160156,-19.129101991653442,0.0,5.370523137315786e-09,-0.9135454893112183,-0.4067366123199463
odom,base_link,1651236800,749013760,-23.355987548828125,112.56368255615234,-19.279005885124207,-0.001976605271920562,-0.0011523017892614007,-0.9135138988494873,-0.4068010449409485
odom,base_link,1651236800,789013504,-23.357635498046875,112.56610107421875,-19.34790539741516,-0.006643868051469326,-0.0038049202412366867,-0.9135059118270874,-0.40675339102745056
odom,base_link,1651236800,799013632,-23.35796356201172,112.56655883789062,-19.361139059066772,-0.0075490958988666534,-0.004365500994026661,-0.9134990572929382,-0.40674737095832825
odom,base_link,1651236800,839013632,-23.358993530273438,112.56797790527344,-19.40179204940796,-0.01035612728446722,-0.006244069896638393,-0.913468599319458,-0.406729519367218
odom,base_link,1651236800,959013376,-23.36048126220703,112.56982421875,-19.450623273849487,-0.013703010976314545,-0.008995921351015568,-0.913411021232605,-0.4067082703113556
odom,base_link,1651236801,9013504,-23.360713958740234,112.57005310058594,-19.454720973968506,-0.013917017728090286,-0.009264609776437283,-0.9134058356285095,-0.4067067503929138
odom,base_link,1651236801,19013376,-23.360740661621094,112.57007598876953,-19.45499587059021,-0.013918941840529442,-0.009279778227210045,-0.9134055972099304,-0.40670669078826904
odom,base_link,1651236801,69013248,-23.360828399658203,112.57014465332031,-19.45469570159912,-0.013801924884319305,-0.009221226908266544,-0.9134076237678528,-0.4067075848579407
odom,base_link,1651236801,99013376,-23.3608455657959,112.57015228271484,-19.453655242919922,-0.013667041435837746,-0.00910997949540615,-0.9134102463722229,-0.406708687543869
odom,base_link,1651236801,139013376,-23.360843658447266,112.57011413574219,-19.451794624328613,-0.01345304399728775,-0.008912250399589539,-0.9134145379066467,-0.40671059489250183
odom,base_link,1651236801,209013248,-23.360807418823242,112.57006072998047,-19.448220252990723,-0.013063693419098854,-0.008517223410308361,-0.9134222269058228,-0.40671443939208984
odom,base_link,1651236801,579012864,-23.36096954345703,112.5701904296875,-19.43888258934021,-0.012044282630085945,-0.007362793665379286,-0.913440465927124,-0.4067273736000061
odom,base_link,1651236801,649012736,-23.361082077026367,112.5702896118164,-19.43850874900818,-0.01200258731842041,-0.007317089010030031,-0.913441002368927,-0.40672844648361206
odom,base_link,1651236801,739012608,-23.361230850219727,112.57047271728516,-19.438257455825806,-0.011975636705756187,-0.00729157542809844,-0.9134412407875061,-0.40672898292541504
odom,base_link,1651236801,779012608,-23.36124038696289,112.57048797607422,-19.438194513320923,-0.011971211060881615,-0.007291299756616354,-0.9134416580200195,-0.40672844648361206
odom,base_link,1651236801,799012608,-23.361238479614258,112.57048797607422,-19.438170909881592,-0.011969542130827904,-0.00729138171300292,-0.91344153881073,-0.40672844648361206
odom,base_link,1651236801,859012608,-23.361238479614258,112.57048034667969,-19.438122510910034,-0.011965876445174217,-0.00729147857055068,-0.9134415984153748,-0.40672874450683594
odom,base_link,1651236801,869012480,-23.361238479614258,112.57048034667969,-19.438116788864136,-0.011965414509177208,-0.007291476707905531,-0.9134414792060852,-0.40672871470451355
odom,base_link,1651236801,959012608,-23.361236572265625,112.57048034667969,-19.43808913230896,-0.01196257770061493,-0.007291401270776987,-0.9134414196014404,-0.40672892332077026
odom,base_link,1651236802,69012480,-23.361236572265625,112.57048034667969,-19.438080549240112,-0.0119611956179142,-0.007291511166840792,-0.9134413599967957,-0.40672919154167175
odom,base_link,1651236802,99012352,-23.361236572265625,112.57048034667969,-19.43808078765869,-0.011961027979850769,-0.0072915502823889256,-0.9134414196014404,-0.4067292809486389
odom,base_link,1651236802,149012224,-23.361236572265625,112.57048034667969,-19.43808126449585,-0.011960864067077637,-0.007291626650840044,-0.9134413003921509,-0.4067293703556061
odom,base_link,1651236802,189012224,-23.361236572265625,112.57048034667969,-19.438081979751587,-0.011960797011852264,-0.00729170860722661,-0.9134413003921509,-0.406729519367218
odom,base_link,1651236802,219012352,-23.361236572265625,112.57048034667969,-19.438082933425903,-0.011960769072175026,-0.007291765417903662,-0.9134411811828613,-0.4067295491695404
odom,base_link,1651236802,259012096,-23.361236572265625,112.57048034667969,-19.43808341026306,-0.011960748583078384,-0.007291825953871012,-0.9134411811828613,-0.40672966837882996
odom,base_link,1651236802,359012096,-23.361236572265625,112.57048034667969,-19.43808627128601,-0.011960767209529877,-0.007291943300515413,-0.9134410619735718,-0.40672990679740906
odom,base_link,1651236802,449011968,-23.361236572265625,112.57048034667969,-19.438087701797485,-0.011960817500948906,-0.007292000111192465,-0.9134409427642822,-0.40673011541366577
odom,base_link,1651236802,489011968,-23.361236572265625,112.57048034667969,-19.438088178634644,-0.0119608324021101,-0.007292015012353659,-0.9134409427642822,-0.4067302346229553
odom,base_link,1651236802,579011840,-23.361234664916992,112.57048034667969,-19.438088417053223,-0.01196085661649704,-0.0072920736856758595,-0.9134408235549927,-0.4067304730415344
odom,base_link,1651236802,619011840,-23.361234664916992,112.57048034667969,-19.43808889389038,-0.011960871517658234,-0.007292099762707949,-0.9134408235549927,-0.406730592250824
odom,base_link,1651236802,669011712,-23.361234664916992,112.57047271728516,-19.4380886554718,-0.011960882693529129,-0.007292109075933695,-0.9134407043457031,-0.40673068165779114
odom,base_link,1651236802,749011712,-23.361234664916992,112.57047271728516,-19.43808937072754,-0.011960886418819427,-0.007292127702385187,-0.9134407043457031,-0.40673092007637024
odom,base_link,1651236802,869011712,-23.361234664916992,112.57047271728516,-19.43808937072754,-0.011960918083786964,-0.007292123045772314,-0.913440465927124,-0.40673115849494934
odom,base_link,1651236802,969011456,-23.36123275756836,112.57047271728516,-19.43808937072754,-0.011960918083786964,-0.007292123045772314,-0.9134403467178345,-0.40673139691352844
odom,base_link,1651236802,989011456,-23.36123275756836,112.57047271728516,-19.43808937072754,-0.011960921809077263,-0.007292123045772314,-0.9134403467178345,-0.4067314565181732
odom,base_link,1651236803,69011456,-23.36123275756836,112.57047271728516,-19.43808937072754,-0.011960918083786964,-0.007292123511433601,-0.9134402275085449,-0.40673163533210754
odom,base_link,1651236803,129011456,-23.36123275756836,112.57047271728516,-19.43808937072754,-0.011960923671722412,-0.007292131893336773,-0.9134402275085449,-0.40673181414604187
odom,base_link,1651236803,169011456,-23.36123275756836,112.57047271728516,-19.43808937072754,-0.011960923671722412,-0.0072921523824334145,-0.9134402275085449,-0.4067319333553314
odom,base_link,1651236803,199011328,-23.36123275756836,112.57047271728516,-19.43808937072754,-0.011960921809077263,-0.0072921570390462875,-0.9134401082992554,-0.4067319631576538
odom,base_link,1651236803,259011328,-23.36123275756836,112.57047271728516,-19.43808937072754,-0.011960916221141815,-0.007292184047400951,-0.9134401082992554,-0.40673214197158813
odom,base_link,1651236803,339011072,-23.361230850219727,112.57047271728516,-19.43808937072754,-0.011960921809077263,-0.007292209193110466,-0.9134399890899658,-0.40673232078552246
odom,base_link,1651236803,439011072,-23.361230850219727,112.57047271728516,-19.43808937072754,-0.011960906907916069,-0.007292201742529869,-0.9134398698806763,-0.40673255920410156
odom,base_link,1651236803,459011072,-23.361230850219727,112.57047271728516,-19.43808913230896,-0.011960897594690323,-0.007292198948562145,-0.9134398698806763,-0.40673261880874634
odom,base_link,1651236803,559011072,-23.361230850219727,112.57047271728516,-19.43808913230896,-0.011960886418819427,-0.007292172871530056,-0.9134397506713867,-0.40673285722732544
odom,base_link,1651236803,599011072,-23.361230850219727,112.57047271728516,-19.43808937072754,-0.011960882693529129,-0.007292165420949459,-0.9134397506713867,-0.406732976436615
odom,base_link,1651236803,629010944,-23.361230850219727,112.57047271728516,-19.43808937072754,-0.011960884556174278,-0.007292155176401138,-0.9134396314620972,-0.4067330062389374
odom,base_link,1651236803,729010944,-23.361230850219727,112.57047271728516,-19.43808913230896,-0.011960847303271294,-0.0072921402752399445,-0.9134395122528076,-0.4067332446575165
odom,base_link,1651236803,799010816,-23.361228942871094,112.57047271728516,-19.43808889389038,-0.01196085661649704,-0.007292143069207668,-0.9134395122528076,-0.4067334532737732
odom,base_link,1651236803,839010816,-23.361228942871094,112.57047271728516,-19.43808937072754,-0.011960862204432487,-0.007292138412594795,-0.9134393930435181,-0.40673351287841797
odom,base_link,1651236803,949010688,-23.361228942871094,112.57047271728516,-19.43808937072754,-0.011960860341787338,-0.007292133755981922,-0.9134393930435181,-0.40673384070396423
odom,base_link,1651236804,49010432,-23.361228942871094,112.57046508789062,-19.43808913230896,-0.01196085475385189,-0.007292168214917183,-0.913439154624939,-0.40673401951789856
odom,base_link,1651236804,149010432,-23.36122703552246,112.57046508789062,-19.43808913230896,-0.01196085661649704,-0.007292172871530056,-0.913439154624939,-0.40673431754112244
odom,base_link,1651236804,179010304,-23.36122703552246,112.57046508789062,-19.43808937072754,-0.011960862204432487,-0.007292162626981735,-0.9134390354156494,-0.4067343473434448
odom,base_link,1651236804,239010304,-23.36122703552246,112.57046508789062,-19.43808913230896,-0.011960864067077637,-0.0072921523824334145,-0.9134390354156494,-0.40673452615737915
odom,base_link,1651236804,279010304,-23.36122703552246,112.57046508789062,-19.43808937072754,-0.011960871517658234,-0.007292167283594608,-0.9134390354156494,-0.4067346453666687
odom,base_link,1651236804,349010176,-23.36122703552246,112.57046508789062,-19.438089609146118,-0.011960899457335472,-0.007292171940207481,-0.9134389162063599,-0.40673479437828064
odom,base_link,1651236804,369010176,-23.36122703552246,112.57046508789062,-19.43808937072754,-0.011960901319980621,-0.007292165420949459,-0.9134389162063599,-0.4067348539829254
odom,base_link,1651236804,439010048,-23.36122703552246,112.57046508789062,-19.43808937072754,-0.01196091715246439,-0.007292193826287985,-0.9134387969970703,-0.40673503279685974
odom,base_link,1651236804,539010048,-23.361225128173828,112.57046508789062,-19.43808937072754,-0.011960902251303196,-0.007292190100997686,-0.9134386777877808,-0.40673527121543884
odom,base_link,1651236804,659010048,-23.361225128173828,112.57046508789062,-19.43808937072754,-0.011960905976593494,-0.007292190100997686,-0.9134385585784912,-0.4067355692386627
odom,base_link,1651236804,759009792,-23.361225128173828,112.57046508789062,-19.43808937072754,-0.011960899457335472,-0.007292184978723526,-0.9134383797645569,-0.40673577785491943
odom,base_link,1651236804,819009792,-23.361225128173828,112.57046508789062,-19.43808913230896,-0.011960901319980621,-0.007292174734175205,-0.9134383797645569,-0.40673595666885376
odom,base_link,1651236804,839009792,-23.361225128173828,112.57046508789062,-19.43808937072754,-0.011960901319980621,-0.00729216355830431,-0.9134383797645569,-0.40673601627349854
odom,base_link,1651236804,879009792,-23.361225128173828,112.57046508789062,-19.43808937072754,-0.011960892006754875,-0.007292173802852631,-0.9134382605552673,-0.4067360758781433
odom,base_link,1651236804,949009664,-23.361223220825195,112.57046508789062,-19.43808937072754,-0.011960882693529129,-0.007292167283594608,-0.9134382605552673,-0.4067362844944
odom,base_link,1651236805,49009664,-23.361223220825195,112.57046508789062,-19.43808937072754,-0.011960865929722786,-0.007292184978723526,-0.913438081741333,-0.40673649311065674
odom,base_link,1651236805,89009408,-23.361223220825195,112.57046508789062,-19.43808937072754,-0.011960865929722786,-0.007292214781045914,-0.913438081741333,-0.4067366123199463
odom,base_link,1651236805,159009536,-23.361223220825195,112.57046508789062,-19.43808937072754,-0.01196085475385189,-0.007292220368981361,-0.9134379625320435,-0.4067367613315582
odom,base_link,1651236805,259009280,-23.361221313476562,112.57046508789062,-19.43808937072754,-0.011960837990045547,-0.007292195223271847,-0.9134379625320435,-0.4067370593547821
odom,base_link,1651236805,319009280,-23.361221313476562,112.57046508789062,-19.43808889389038,-0.011960834264755249,-0.007292198948562145,-0.9134378433227539,-0.40673717856407166
odom,base_link,1651236805,449009152,-23.361221313476562,112.5704574584961,-19.43808889389038,-0.011960826814174652,-0.00729221198707819,-0.9134377241134644,-0.4067375063896179
odom,base_link,1651236805,529009152,-23.361221313476562,112.5704574584961,-19.43808889389038,-0.011960838921368122,-0.007292193826287985,-0.9134376049041748,-0.40673771500587463
odom,base_link,1651236805,669008896,-23.361221313476562,112.5704574584961,-19.438088417053223,-0.011960834264755249,-0.007292174734175205,-0.9134374260902405,-0.4067380428314209
odom,base_link,1651236805,759008768,-23.36121940612793,112.5704574584961,-19.438088417053223,-0.01196082029491663,-0.007292147260159254,-0.9134373664855957,-0.40673828125
odom,base_link,1651236805,859008768,-23.36121940612793,112.5704574584961,-19.438088417053223,-0.01196082029491663,-0.007292152848094702,-0.9134372472763062,-0.4067385196685791
odom,base_link,1651236805,909008640,-23.36121940612793,112.5704574584961,-19.4380886554718,-0.011960815638303757,-0.007292154245078564,-0.9134371876716614,-0.40673863887786865
odom,base_link,1651236805,959008768,-23.36121940612793,112.5704574584961,-19.4380886554718,-0.011960810050368309,-0.007292144000530243,-0.9134370684623718,-0.4067387282848358
odom,base_link,1651236806,59008512,-23.361217498779297,112.5704574584961,-19.4380886554718,-0.011960819363594055,-0.007292141206562519,-0.9134370684623718,-0.4067390263080597
odom,base_link,1651236806,89008640,-23.361217498779297,112.5704574584961,-19.4380886554718,-0.011960821226239204,-0.007292134687304497,-0.9134369492530823,-0.4067390561103821
odom,base_link,1651236806,139008512,-23.361217498779297,112.5704574584961,-19.4380886554718,-0.011960819363594055,-0.007292137481272221,-0.9134369492530823,-0.406739205121994
odom,base_link,1651236806,259008512,-23.361217498779297,112.5704574584961,-19.4380886554718,-0.011960815638303757,-0.0072921523824334145,-0.9134368300437927,-0.4067395031452179
odom,base_link,1651236806,289008384,-23.361217498779297,112.5704574584961,-19.4380886554718,-0.011960813775658607,-0.007292160764336586,-0.9134367108345032,-0.4067395329475403
odom,base_link,1651236806,319008256,-23.361217498779297,112.5704574584961,-19.438088417053223,-0.011960823088884354,-0.00729216355830431,-0.9134367108345032,-0.40673962235450745
odom,base_link,1651236806,359008256,-23.361217498779297,112.5704574584961,-19.438088417053223,-0.011960826814174652,-0.007292167283594608,-0.9134367108345032,-0.406739741563797
odom,base_link,1651236806,459008256,-23.361215591430664,112.5704574584961,-19.438088417053223,-0.011960815638303757,-0.007292174734175205,-0.9134365916252136,-0.4067399799823761
odom,base_link,1651236806,539008256,-23.361215591430664,112.5704574584961,-19.43808889389038,-0.011960817500948906,-0.007292177528142929,-0.9134364724159241,-0.40674012899398804
odom,base_link,1651236806,569008128,-23.361215591430664,112.5704574584961,-19.43808889389038,-0.011960819363594055,-0.007292184047400951,-0.9134364724159241,-0.4067402184009552
odom,base_link,1651236806,669008128,-23.361215591430664,112.5704574584961,-19.43808889389038,-0.01196080818772316,-0.0072922008112072945,-0.9134363532066345,-0.4067404568195343
odom,base_link,1651236806,769007872,-23.361215591430664,112.57044982910156,-19.43808889389038,-0.01196079421788454,-0.007292190100997686,-0.9134362936019897,-0.4067407250404358
odom,base_link,1651236806,829007872,-23.36121368408203,112.57044982910156,-19.4380886554718,-0.011960789561271667,-0.007292223162949085,-0.913436233997345,-0.40674087405204773
odom,base_link,1651236806,849007872,-23.36121368408203,112.57044982910156,-19.4380886554718,-0.011960785835981369,-0.007292223162949085,-0.913436233997345,-0.4067409336566925
odom,base_link,1651236806,929007872,-23.36121368408203,112.57044982910156,-19.4380886554718,-0.011960785835981369,-0.007292223162949085,-0.9134361147880554,-0.40674111247062683
odom,base_link,1651236806,959007744,-23.36121368408203,112.57044982910156,-19.438088417053223,-0.011960786767303944,-0.007292240392416716,-0.9134360551834106,-0.4067411720752716
odom,base_link,1651236807,29007616,-23.36121368408203,112.57044982910156,-19.4380886554718,-0.011960785835981369,-0.007292256690561771,-0.9134359955787659,-0.40674135088920593
odom,base_link,1651236807,369007360,-23.3612117767334,112.57044982910156,-19.43808889389038,-0.011960852891206741,-0.007292293943464756,-0.9134356379508972,-0.4067422151565552
odom,base_link,1651236807,459007232,-23.3612117767334,112.57044982910156,-19.4380886554718,-0.011960852891206741,-0.007292292080819607,-0.9134355187416077,-0.4067424237728119
odom,base_link,1651236807,529007104,-23.3612117767334,112.57044982910156,-19.43808889389038,-0.011960860341787338,-0.007292295806109905,-0.9134353995323181,-0.40674257278442383
odom,base_link,1651236807,569007104,-23.3612117767334,112.57044982910156,-19.43808889389038,-0.01196085661649704,-0.00729228463023901,-0.9134353995323181,-0.4067426919937134
odom,base_link,1651236807,629007104,-23.361209869384766,112.57044982910156,-19.438088417053223,-0.011960857547819614,-0.007292285095900297,-0.9134353399276733,-0.4067428410053253
odom,base_link,1651236807,669007104,-23.361209869384766,112.57044982910156,-19.4380886554718,-0.011960852891206741,-0.00729228463023901,-0.9134352803230286,-0.4067429304122925
odom,base_link,1651236807,769006848,-23.361209869384766,112.57044982910156,-19.4380886554718,-0.011960845440626144,-0.007292280904948711,-0.913435161113739,-0.4067431688308716
odom,base_link,1651236807,859006976,-23.361209869384766,112.57044982910156,-19.4380886554718,-0.01196083053946495,-0.007292305119335651,-0.9134350419044495,-0.4067433774471283
odom,base_link,1651236807,929006848,-23.361209869384766,112.57044982910156,-19.4380886554718,-0.011960837990045547,-0.007292295806109905,-0.9134350419044495,-0.406743586063385
odom,base_link,1651236807,969006848,-23.363719940185547,112.56832122802734,-19.43832564353943,-0.012124573811888695,-0.007378871086984873,-0.9136942028999329,-0.40615442395210266
odom,base_link,1651236807,999006720,-23.368274688720703,112.56426239013672,-19.43865704536438,-0.01235522422939539,-0.007480916101485491,-0.9141062498092651,-0.4052175283432007
odom,base_link,1651236808,69006592,-23.38751983642578,112.54657745361328,-19.43954873085022,-0.0130415428429842,-0.00775102386251092,-0.9157524108886719,-0.4014565944671631
odom,base_link,1651236808,159006720,-23.42926025390625,112.5067138671875,-19.440391302108765,-0.01395837590098381,-0.008068840019404888,-0.9192129373550415,-0.39343079924583435
odom,base_link,1651236808,199006464,-23.453691482543945,112.48260498046875,-19.440572261810303,-0.014336705207824707,-0.008187321946024895,-0.9212096929550171,-0.3887161910533905
odom,base_link,1651236808,269006592,-23.50472068786621,112.43058013916016,-19.440581798553467,-0.014943579211831093,-0.008360923267900944,-0.9253387451171875,-0.37875455617904663
odom,base_link,1651236808,299006464,-23.529674530029297,112.404296875,-19.440470218658447,-0.015185261145234108,-0.0084247887134552,-0.927341639995575,-0.37381261587142944
odom,base_link,1651236808,339006464,-23.5656795501709,112.36538696289062,-19.440220594406128,-0.015494847670197487,-0.008503337390720844,-0.9302154183387756,-0.3665882647037506
odom,base_link,1651236808,439006208,-23.668302536010742,112.24776458740234,-19.43912410736084,-0.016234254464507103,-0.008685445412993431,-0.9383121728897095,-0.3452988862991333
odom,base_link,1651236808,479006208,-23.7126522064209,112.19434356689453,-19.438385009765625,-0.01599872298538685,-0.007664382923394442,-0.94017493724823,-0.34023019671440125
odom,base_link,1651236808,539006208,-23.7780704498291,112.11349487304688,-19.43670082092285,-0.015189386904239655,-0.005619336385279894,-0.940475583076477,-0.33947527408599854
odom,base_link,1651236808,579006208,-23.821622848510742,112.06002044677734,-19.43532705307007,-0.014781918376684189,-0.004829796496778727,-0.9404909610748291,-0.3394627273082733
odom,base_link,1651236808,639006208,-23.886995315551758,111.98060607910156,-19.433186531066895,-0.014385174959897995,-0.004268400836735964,-0.9404928088188171,-0.33948221802711487
odom,base_link,1651236808,669006080,-23.919652938842773,111.94120788574219,-19.43213653564453,-0.014264741912484169,-0.004167855717241764,-0.9404916167259216,-0.3394918143749237
odom,base_link,1651236808,729006080,-23.984779357910156,111.8631820678711,-19.42936897277832,-0.014080839231610298,-0.00442639971151948,-0.9404923319816589,-0.33949410915374756
odom,base_link,1651236808,769006080,-24.02800178527832,111.81171417236328,-19.42716360092163,-0.01398845762014389,-0.004832292906939983,-0.9404929280281067,-0.3394908607006073
odom,base_link,1651236808,849005824,-24.113845825195312,111.70980072021484,-19.42322063446045,-0.013925096020102501,-0.005618528928607702,-0.9404921531677246,-0.33948376774787903
odom,base_link,1651236808,939005952,-24.20929527282715,111.59637451171875,-19.419661045074463,-0.013987816870212555,-0.006267159711569548,-0.9404888153076172,-0.3394787609577179
odom,base_link,1651236809,39005696,-24.31403923034668,111.47180938720703,-19.416564464569092,-0.014201261103153229,-0.006821537856012583,-0.9404874444007874,-0.33946314454078674
odom,base_link,1651236809,69005824,-24.345212936401367,111.43473815917969,-19.41577386856079,-0.014289844781160355,-0.006969211157411337,-0.9404870867729187,-0.33945754170417786
odom,base_link,1651236809,139005696,-24.417490005493164,111.3487319946289,-19.41404438018799,-0.014511331915855408,-0.007282060105353594,-0.9404857754707336,-0.3394451439380646
odom,base_link,1651236809,169005568,-24.44826889038086,111.31208801269531,-19.4133243560791,-0.01460547000169754,-0.007401817943900824,-0.9404850602149963,-0.3394404649734497
odom,base_link,1651236809,229005568,-24.51337242126465,111.23444366455078,-19.412261724472046,-0.01496213860809803,-0.007566687185317278,-0.9404767155647278,-0.3394443690776825
odom,base_link,1651236809,269005568,-24.562036514282227,111.17633819580078,-19.411815643310547,-0.015347879379987717,-0.00762372650206089,-0.9404663443565369,-0.3394545614719391
odom,base_link,1651236809,339005440,-24.65741729736328,111.06228637695312,-19.410356760025024,-0.015973133966326714,-0.007671899162232876,-0.9404456615447998,-0.3394818902015686
odom,base_link,1651236809,439005440,-24.816438674926758,110.87188720703125,-19.405692100524902,-0.016383513808250427,-0.007706649135798216,-0.9404134750366211,-0.33955085277557373
odom,base_link,1651236809,509005312,-24.944002151489258,110.71897888183594,-19.4010066986084,-0.016347810626029968,-0.007699948735535145,-0.9403895735740662,-0.3396190106868744
odom,base_link,1651236809,569005312,-25.06420135498047,110.57485961914062,-19.396239757537842,-0.016180748119950294,-0.007703009992837906,-0.9403698444366455,-0.339681476354599
odom,base_link,1651236809,639005184,-25.217382431030273,110.39125061035156,-19.390704870224,-0.016038184985518456,-0.007745750248432159,-0.940346360206604,-0.33975234627723694
odom,base_link,1651236809,659005184,-25.263751983642578,110.335693359375,-19.389209270477295,-0.016026310622692108,-0.007766549941152334,-0.9403391480445862,-0.3397722840309143
odom,base_link,1651236809,709005056,-25.384111404418945,110.19157409667969,-19.38530707359314,-0.01598508097231388,-0.007883432321250439,-0.9403220415115356,-0.33981871604919434
odom,base_link,1651236809,729005056,-25.432682037353516,110.13347625732422,-19.38355803489685,-0.01590820774435997,-0.007969592697918415,-0.9403182864189148,-0.33983078598976135
odom,base_link,1651236809,769005056,-25.52967071533203,110.01754760742188,-19.37982201576233,-0.015672778710722923,-0.008190853521227837,-0.9403143525123596,-0.33984753489494324
odom,base_link,1651236809,809005056,-25.626436233520508,109.90196990966797,-19.375931978225708,-0.015384491533041,-0.00844875629991293,-0.9403122067451477,-0.3398602306842804
odom,base_link,1651236809,859004928,-25.747060775756836,109.75794219970703,-19.371037006378174,-0.015014439821243286,-0.008790153078734875,-0.9403102397918701,-0.33987367153167725
odom,base_link,1651236809,949004800,-25.963211059570312,109.49992370605469,-19.362487077713013,-0.014437384903430939,-0.009391040541231632,-0.9403054714202881,-0.33989572525024414
odom,base_link,1651236809,999004928,-26.082744598388672,109.35724639892578,-19.35794973373413,-0.014188469387590885,-0.009700402617454529,-0.9403016567230225,-0.33990803360939026
odom,base_link,1651236810,109004800,-26.34437370300293,109.04509735107422,-19.34847903251648,-0.013782855123281479,-0.010424214415252209,-0.9402909874916077,-0.33993270993232727
odom,base_link,1651236810,129004800,-26.39177131652832,108.98858642578125,-19.346821069717407,-0.013718599453568459,-0.010598745197057724,-0.9402889013290405,-0.33993563055992126
odom,base_link,1651236810,169004800,-26.48904037475586,108.87257385253906,-19.343863487243652,-0.01366053894162178,-0.010878302156925201,-0.9402801990509033,-0.3399534523487091
odom,base_link,1651236810,249004544,-26.69765853881836,108.62336730957031,-19.339188814163208,-0.013814648613333702,-0.010898466221988201,-0.9402619004249573,-0.339996874332428
odom,base_link,1651236810,289004544,-26.809011459350586,108.49011993408203,-19.336944580078125,-0.01392669603228569,-0.01069964561611414,-0.9402560591697693,-0.3400150537490845
odom,base_link,1651236810,349004544,-26.98497200012207,108.27935028076172,-19.333317279815674,-0.014048174023628235,-0.010280787013471127,-0.9402486085891724,-0.34004369378089905
odom,base_link,1651236810,459004416,-27.33588409423828,107.8587417602539,-19.325352668762207,-0.014031749218702316,-0.009374164044857025,-0.9402385354042053,-0.3400980830192566
odom,base_link,1651236810,549004288,-27.650732040405273,107.48136138916016,-19.317444801330566,-0.01377926766872406,-0.008611849509179592,-0.9402350783348083,-0.3401382863521576
odom,base_link,1651236810,629004288,-27.951866149902344,107.12045288085938,-19.30948233604431,-0.013418467715382576,-0.007948418147861958,-0.9402340650558472,-0.3401716649532318
odom,base_link,1651236810,759004160,-28.456932067871094,106.5156478881836,-19.29574179649353,-0.012367498129606247,-0.0072561162523925304,-0.9402527213096619,-0.34017518162727356
odom,base_link,1651236810,779004160,-28.53435707092285,106.42283630371094,-19.293620586395264,-0.012142784893512726,-0.007073587737977505,-0.9402555227279663,-0.3401794731616974
odom,base_link,1651236810,819004160,-28.68895721435547,106.2374038696289,-19.289387941360474,-0.011675648391246796,-0.006642818450927734,-0.9402599930763245,-0.34019234776496887
odom,base_link,1651236810,849004032,-28.804697036743164,106.09849548339844,-19.2862468957901,-0.011324025690555573,-0.006273332983255386,-0.9402626156806946,-0.34020403027534485
odom,base_link,1651236810,889004032,-28.958757400512695,105.91352844238281,-19.2821261882782,-0.010868098586797714,-0.00573395099490881,-0.9402652382850647,-0.34022095799446106
odom,base_link,1651236810,949004032,-29.189308166503906,105.63668060302734,-19.276108980178833,-0.010418958961963654,-0.004922158550471067,-0.9402769804000854,-0.3402154743671417
odom,base_link,1651236810,989003776,-29.342565536499023,105.45256805419922,-19.27220845222473,-0.010343248955905437,-0.004166679922491312,-0.9402859210968018,-0.34020310640335083
odom,base_link,1651236811,19003904,-29.457324981689453,105.31476593017578,-19.26932668685913,-0.010450050234794617,-0.0038056953344494104,-0.9402934908866882,-0.34018293023109436
odom,base_link,1651236811,129003776,-29.877283096313477,104.81179809570312,-19.25908601284027,-0.011580041609704494,-0.00365317496471107,-0.9403221607208252,-0.3400687873363495
odom,base_link,1651236811,149003776,-29.953468322753906,104.72067260742188,-19.25727415084839,-0.01169145479798317,-0.0036065676249563694,-0.940327525138855,-0.34005096554756165
odom,base_link,1651236811,179003648,-30.067581176757812,104.5842056274414,-19.254578232765198,-0.012090989388525486,-0.0035907623823732138,-0.940292477607727,-0.34013378620147705
odom,base_link,1651236811,269003520,-30.408485412597656,104.17610931396484,-19.246633768081665,-0.013358741998672485,-0.0024006208404898643,-0.9401354789733887,-0.34053072333335876
odom,base_link,1651236811,349003520,-30.70979118347168,103.81742095947266,-19.239550948143005,-0.01687590777873993,-0.00368481851182878,-0.9402998685836792,-0.3399086594581604
odom,base_link,1651236811,369003520,-30.785015106201172,103.72993469238281,-19.237648248672485,-0.01944277063012123,-0.0058449385687708855,-0.9404125809669495,-0.33942896127700806
odom,base_link,1651236811,409003520,-30.93515396118164,103.55677032470703,-19.233439803123474,-0.024972569197416306,-0.01090439036488533,-0.9405117034912109,-0.33866697549819946
odom,base_link,1651236811,479003392,-31.195816040039062,103.25442504882812,-19.224292516708374,-0.03087056800723076,-0.017774485051631927,-0.9404026865959167,-0.3381922245025635
odom,base_link,1651236811,499003392,-31.26980972290039,103.16804504394531,-19.22149419784546,-0.032026294618844986,-0.019585968926548958,-0.940345823764801,-0.33814260363578796
odom,base_link,1651236811,579003392,-31.562671661376953,102.82540893554688,-19.210031867027283,-0.034553010016679764,-0.02665664255619049,-0.9418304562568665,-0.3332429528236389
odom,base_link,1651236811,619003392,-31.70468521118164,102.66111755371094,-19.204801082611084,-0.035176556557416916,-0.030982794240117073,-0.9453895688056946,-0.3225543797016144
odom,base_link,1651236811,659003136,-31.837757110595703,102.50464630126953,-19.19902467727661,-0.0335732027888298,-0.03432551026344299,-0.9504051208496094,-0.30728617310523987
odom,base_link,1651236811,709003264,-31.992298126220703,102.30795288085938,-19.18903350830078,-0.030287563800811768,-0.03872813284397125,-0.9575473666191101,-0.2840527594089508
odom,base_link,1651236811,779003136,-32.1862678527832,102.02477264404297,-19.17608666419983,-0.02448944002389908,-0.04310574755072594,-0.9682743549346924,-0.24492232501506805
odom,base_link,1651236811,879003136,-32.40862274169922,101.59639739990234,-19.136510252952576,-0.015517616644501686,-0.05900527536869049,-0.9814079403877258,-0.1819785088300705
odom,base_link,1651236811,899003136,-32.448062896728516,101.50898742675781,-19.125054955482483,-0.013490119948983192,-0.0633653998374939,-0.9836610555648804,-0.1679696887731552
odom,base_link,1651236811,969003008,-32.57539367675781,101.18954467773438,-19.097540855407715,-0.007868077605962753,-0.07434443384408951,-0.990373432636261,-0.11649622023105621
odom,base_link,1651236812,29003008,-32.656612396240234,100.90406799316406,-19.085119366645813,-0.004333917051553726,-0.07950206100940704,-0.9941799640655518,-0.0725739523768425
odom,base_link,1651236812,59002880,-32.68673324584961,100.75631713867188,-19.081891775131226,-0.003150895470753312,-0.0794491097331047,-0.9953334331512451,-0.05467407777905464
odom,base_link,1651236812,159002880,-32.74259948730469,100.24586486816406,-19.076048731803894,-0.0026219298597425222,-0.07066942006349564,-0.9969523549079895,-0.032941531389951706
odom,base_link,1651236812,229002752,-32.76261901855469,99.88043975830078,-19.064794659614563,-0.0019251443445682526,-0.06452598422765732,-0.9973878264427185,-0.03240858018398285
odom,base_link,1651236812,259002624,-32.770843505859375,99.7234115600586,-19.058056712150574,-0.0013113394379615784,-0.06224583461880684,-0.9975276589393616,-0.03259484842419624
odom,base_link,1651236812,299002624,-32.783424377441406,99.51636505126953,-19.048514366149902,0.001118779182434082,-0.057433467358350754,-0.9978412985801697,-0.03182799741625786
odom,base_link,1651236812,359002624,-32.80196762084961,99.21187591552734,-19.030088663101196,0.0063451966270804405,-0.05028749629855156,-0.9982618689537048,-0.03006897121667862
odom,base_link,1651236812,429002496,-32.808040618896484,98.87081146240234,-19.02703070640564,0.008620254695415497,-0.036438651382923126,-0.9988409280776978,-0.030245302245020866
odom,base_link,1651236812,469002496,-32.81303405761719,98.67813873291016,-19.02743113040924,0.009189411997795105,-0.030085083097219467,-0.9990460872650146,-0.03029031679034233
odom,base_link,1651236812,559002368,-32.82384490966797,98.25154876708984,-19.044963836669922,0.006575627718120813,-0.02397502399981022,-0.9991875886917114,-0.031722038984298706
odom,base_link,1651236812,659002368,-32.84878158569336,97.78466796875,-19.05621862411499,0.0043876986019313335,-0.020662089809775352,-0.9992642402648926,-0.032013192772865295
odom,base_link,1651236812,699002368,-32.86057662963867,97.59122467041016,-19.05825126171112,0.0036399210803210735,-0.02003762684762478,-0.9992809295654297,-0.03198254108428955
odom,base_link,1651236812,759002112,-32.879783630371094,97.28699493408203,-19.059388041496277,0.0025899112224578857,-0.019766198471188545,-0.999290943145752,-0.03193991631269455
odom,base_link,1651236812,829002240,-32.90422821044922,96.91056823730469,-19.057987093925476,0.0016631409525871277,-0.020045435056090355,-0.99928879737854,-0.03189680352807045
odom,base_link,1651236812,869001984,-32.91373062133789,96.68871307373047,-19.063838481903076,-4.06801700592041e-06,-0.01808948442339897,-0.9993131756782532,-0.03234312683343887
odom,base_link,1651236812,929001984,-32.935611724853516,96.35779571533203,-19.062570333480835,-0.003410074394196272,-0.022363392636179924,-0.9992786645889282,-0.03050326183438301
odom,base_link,1651236812,969001984,-32.95342254638672,96.1336441040039,-19.064927577972412,-0.007849834859371185,-0.02674225904047489,-0.9991817474365234,-0.02931196056306362
odom,base_link,1651236813,39001856,-32.98359298706055,95.7286605834961,-19.070498943328857,-0.016577526926994324,-0.035354189574718475,-0.9988160133361816,-0.02901420369744301
odom,base_link,1651236813,79001856,-32.99996566772461,95.49060821533203,-19.073182344436646,-0.02132846601307392,-0.04028686508536339,-0.9985206127166748,-0.029642514884471893
odom,base_link,1651236813,149001728,-33.028480529785156,95.06336975097656,-19.076021194458008,-0.02881408855319023,-0.04828948155045509,-0.9979259371757507,-0.03133357688784599
odom,base_link,1651236813,239001856,-33.06758117675781,94.50475311279297,-19.07663655281067,-0.04283619299530983,-0.046018265187740326,-0.9974768161773682,-0.03297790139913559
odom,base_link,1651236813,349001728,-33.105716705322266,93.82039642333984,-19.064672827720642,-0.06089676171541214,-0.0324789397418499,-0.9969833493232727,-0.03551120683550835
odom,base_link,1651236813,479001600,-33.16107177734375,93.07270812988281,-18.98685920238495,-0.059836495667696,-0.045050181448459625,-0.9966410994529724,-0.03311756253242493
odom,base_link,1651236813,569001472,-33.20574188232422,92.58355712890625,-18.94469928741455,-0.0561661422252655,-0.04695891588926315,-0.9968113303184509,-0.03173847869038582
odom,base_link,1651236813,679001344,-33.257354736328125,92.00305938720703,-18.895301461219788,-0.061396483331918716,-0.058157049119472504,-0.9959303140640259,-0.03116142936050892
odom,base_link,1651236813,699001344,-33.264652252197266,91.90318298339844,-18.889065265655518,-0.06285826861858368,-0.06052062660455704,-0.9956834316253662,-0.031630948185920715
odom,base_link,1651236813,779001344,-33.361839294433594,91.89933013916016,-18.892074584960938,-0.0621524378657341,-0.06408311426639557,-0.995827317237854,-0.01893138699233532
odom,base_link,1651236813,849001216,-33.3664436340332,91.89913940429688,-18.876444816589355,-0.06025136262178421,-0.06526318192481995,-0.9958741068840027,-0.0185789093375206
odom,base_link,1651236813,879001088,-33.367393493652344,91.89988708496094,-18.869558334350586,-0.05945896729826927,-0.06420542299747467,-0.9959906935691833,-0.01856967806816101
odom,base_link,1651236813,919001088,-33.36812210083008,91.90084075927734,-18.860843300819397,-0.05853062868118286,-0.06241561844944954,-0.9961581826210022,-0.018640460446476936
odom,base_link,1651236813,959001088,-33.36859893798828,91.90168762207031,-18.85302460193634,-0.057756923139095306,-0.06051766872406006,-0.9963185787200928,-0.01873900182545185
odom,base_link,1651236814,79000832,-33.369720458984375,91.90336608886719,-18.836045622825623,-0.05625301972031593,-0.05551499128341675,-0.9966914653778076,-0.01897105574607849
odom,base_link,1651236814,109000960,-33.37004470825195,91.90363311767578,-18.833211183547974,-0.05601984262466431,-0.05451468750834465,-0.9967592358589172,-0.018996916711330414
odom,base_link,1651236814,179000832,-33.370948791503906,91.904052734375,-18.828363180160522,-0.05565069243311882,-0.05255129560828209,-0.9968852996826172,-0.01900562457740307
odom,base_link,1651236814,249000704,-33.372066497802734,91.90418243408203,-18.82538878917694,-0.05547463148832321,-0.051131971180438995,-0.9969699382781982,-0.01895000971853733
odom,base_link,1651236814,269000704,-33.37242889404297,91.90419006347656,-18.824790716171265,-0.055441513657569885,-0.0507982112467289,-0.9969894289970398,-0.018920674920082092
odom,base_link,1651236814,349000704,-33.3736686706543,91.90476989746094,-18.823257446289062,-0.055451858788728714,-0.04983949288725853,-0.9970388412475586,-0.018832700327038765
odom,base_link,1651236814,469000704,-33.37489700317383,91.9168930053711,-18.82371187210083,-0.056126952171325684,-0.04978343844413757,-0.9970042109489441,-0.018814504146575928
odom,base_link,1651236814,519000576,-33.37540817260742,91.92656707763672,-18.824700832366943,-0.056422166526317596,-0.05001143738627434,-0.9969765543937683,-0.01879221759736538
odom,base_link,1651236814,679000320,-33.376686096191406,91.97578430175781,-18.83025884628296,-0.05702865496277809,-0.05112512782216072,-0.9968876838684082,-0.01868228241801262
odom,base_link,1651236814,749000192,-33.37709426879883,92.00563049316406,-18.83331274986267,-0.057097792625427246,-0.05154553800821304,-0.9968633651733398,-0.018613209947943687
odom,base_link,1651236814,839000320,-33.37736511230469,92.0507583618164,-18.837668538093567,-0.05707065016031265,-0.051742471754550934,-0.996856689453125,-0.018504319712519646
odom,base_link,1651236815,238999808,-33.38353729248047,92.28227996826172,-18.92184817790985,-0.0682581216096878,-0.07000374794006348,-0.9950581789016724,-0.017308460548520088
odom,base_link,1651236815,278999808,-33.38430404663086,92.2919921875,-18.925909876823425,-0.06888625025749207,-0.07094839215278625,-0.9949488639831543,-0.0172599907964468
odom,base_link,1651236815,338999808,-33.38546371459961,92.29849243164062,-18.929368257522583,-0.06948594003915787,-0.0717509537935257,-0.9948505759239197,-0.01719970628619194
odom,base_link,1651236815,378999808,-33.38637161254883,92.2983627319336,-18.930373907089233,-0.06972085684537888,-0.07202182710170746,-0.9948157668113708,-0.017132895067334175
odom,base_link,1651236815,448999680,-33.38817596435547,92.29009246826172,-18.930328607559204,-0.06992996484041214,-0.07216694205999374,-0.9947922229766846,-0.017033832147717476
odom,base_link,1651236815,568999424,-33.39219665527344,92.25167083740234,-18.926435947418213,-0.07000067830085754,-0.07185544073581696,-0.9948127269744873,-0.01686716638505459
odom,base_link,1651236815,688999424,-33.39654541015625,92.18998718261719,-18.91918432712555,-0.06971754133701324,-0.07117877900600433,-0.9948785305023193,-0.017027776688337326
odom,base_link,1651236815,768999424,-33.40010070800781,92.15947723388672,-18.918474793434143,-0.06975449621677399,-0.07176562398672104,-0.9948325753211975,-0.01709696836769581
odom,base_link,1651236815,788999424,-33.4008674621582,92.15489959716797,-18.919379115104675,-0.0698981061577797,-0.07222013175487518,-0.9947896599769592,-0.01708986982703209
odom,base_link,1651236815,868999168,-33.40296936035156,92.14856719970703,-18.92778968811035,-0.07117792963981628,-0.07528863847255707,-0.9944708943367004,-0.017115943133831024
